{"minMcX":0,"maxMcX":1695,"minMcZ":0,"maxMcZ":1766,"minGeoLat":21.153637,"maxGeoLat":21.169525,"minGeoLon":72.777729,"maxGeoLon":72.79408}