{"minMcX":0,"maxMcX":6866,"minMcZ":0,"maxMcZ":9753,"minGeoLat":37.215839,"maxGeoLat":37.303552,"minGeoLon":-115.843277,"maxGeoLon":-115.765686}